-- phpMyAdmin SQL Dump
-- version 4.9.2
-- https://www.phpmyadmin.net/
--
-- Host: 127.0.0.1:3306
-- Generation Time: Jun 06, 2021 at 05:44 PM
-- Server version: 8.0.18
-- PHP Version: 7.3.12

SET SQL_MODE = "NO_AUTO_VALUE_ON_ZERO";
SET AUTOCOMMIT = 0;
START TRANSACTION;
SET time_zone = "+00:00";


/*!40101 SET @OLD_CHARACTER_SET_CLIENT=@@CHARACTER_SET_CLIENT */;
/*!40101 SET @OLD_CHARACTER_SET_RESULTS=@@CHARACTER_SET_RESULTS */;
/*!40101 SET @OLD_COLLATION_CONNECTION=@@COLLATION_CONNECTION */;
/*!40101 SET NAMES utf8mb4 */;

--
-- Database: `haranalyzer`
--
CREATE DATABASE IF NOT EXISTS `haranalyzer` DEFAULT CHARACTER SET utf8mb4 COLLATE utf8mb4_0900_ai_ci;
USE `haranalyzer`;

-- --------------------------------------------------------

--
-- Table structure for table `files`
--

DROP TABLE IF EXISTS `files`;
CREATE TABLE IF NOT EXISTS `files` (
  `number` int(100) NOT NULL AUTO_INCREMENT,
  `username` varchar(25) NOT NULL,
  `dateProcessed` date NOT NULL,
  `ctImage` varchar(255) NOT NULL,
  `ctJavascript` varchar(255) NOT NULL,
  `ctCss` varchar(255) NOT NULL,
  `ctHtml` varchar(255) NOT NULL,
  `ctVideo` varchar(255) NOT NULL,
  `ctApplication` varchar(255) NOT NULL,
  `ctPlainTxt` varchar(255) NOT NULL,
  `methodGet` varchar(255) NOT NULL,
  `methodPost` varchar(255) NOT NULL,
  `serverIp` varchar(255) NOT NULL,
  `domain` varchar(155) NOT NULL,
  `latitude` float NOT NULL,
  `longitude` float NOT NULL,
  `city` varchar(255) NOT NULL,
  `userIp` varchar(100) NOT NULL,
  `userHost` varchar(100) NOT NULL,
  `userLat` float NOT NULL,
  `userLong` float NOT NULL,
  `timeCaptured` varchar(25) CHARACTER SET utf8mb4 COLLATE utf8mb4_0900_ai_ci NOT NULL,
  PRIMARY KEY (`number`),
  KEY `username` (`username`)
) ENGINE=InnoDB AUTO_INCREMENT=73 DEFAULT CHARSET=utf8mb4 COLLATE=utf8mb4_0900_ai_ci;

--
-- Dumping data for table `files`
--

INSERT INTO `files` (`number`, `username`, `dateProcessed`, `ctImage`, `ctJavascript`, `ctCss`, `ctHtml`, `ctVideo`, `ctApplication`, `ctPlainTxt`, `methodGet`, `methodPost`, `serverIp`, `domain`, `latitude`, `longitude`, `city`, `userIp`, `userHost`, `userLat`, `userLong`, `timeCaptured`) VALUES
(15, 'fotis', '2021-01-19', '19/160/19/0/0/0', '6/5/5/0/0/0', '0/0/0/0/0/0', '1/89/1/0/0/0', '0/0/0/0/0/0', '3/605/2/0/1/1', '0/0/0/0/0/0', '31/859', '0/0', '2600:9000:2045:5000:2:eb5:8c00:93a1', 'developer.mozilla.org', 47.6015, -122.33, 'Seattle', '\r\n		2.87.123.225', 'ppp-2-87-123-225.home.otenet.gr', 38.202, 21.742, '15'),
(16, 'fotis', '2021-01-19', '27/489/0/0/2/2', '50/782/4/0/0/0', '17/43/0/0/0/0', '11/2595/0/0/5/5', '0/0/0/0/0/0', '30/867/0/0/2/2', '5/852/0/0/5/5', '135/4777', '5/852', '150.140.129.14', 'eclass.upatras.gr', 38.2478, 21.7422, 'Pátra', '\r\n		2.87.123.225', 'ppp-2-87-123-225.home.otenet.gr', 38.202, 21.742, '19'),
(17, 'fotis', '2021-01-19', '31/5176/0/0/2/5', '42/309/1/2/0/1', '26/483/0/1/0/0', '1/2057/0/0/0/0', '0/0/0/0/0/0', '5/634/3/0/0/1', '2/148/0/0/1/1', '106/8660', '2/148', '85.13.139.246', 'fishing4fun.gr', 51.025, 14.562, 'Löbau', '\r\n		2.87.123.225', 'ppp-2-87-123-225.home.otenet.gr', 38.202, 21.742, '23'),
(18, 'fotis', '2021-01-19', '0/0/0/0/0/0', '0/0/0/0/0/0', '0/0/0/0/0/0', '6/1195/0/0/5/6', '0/0/0/0/0/0', '0/0/0/0/0/0', '0/0/0/0/0/0', '5/1002', '1/193', '104.16.53.111', 'vidyardhelp.zendesk.com', 37.3305, -121.838, 'San Jose', '\r\n		2.87.123.225', 'ppp-2-87-123-225.home.otenet.gr', 38.202, 21.742, '15'),
(19, 'fotis', '2021-01-19', '0/0/0/0/0/0', '1/907/1/0/0/0', '0/0/0/0/0/0', '0/0/0/0/0/0', '0/0/0/0/0/0', '0/0/0/0/0/0', '0/0/0/0/0/0', '1/907', '0/0', '198.252.206.26', 'winterbash2020.stackexchange.com', 40.7088, -74.0032, 'Manhattan', '\r\n		2.87.123.225', 'ppp-2-87-123-225.home.otenet.gr', 38.202, 21.742, '21'),
(20, 'fotis', '2021-01-19', '312/49052/37/0/0/0', '60/24110/0/60/60/60', '4/397/4/0/0/0', '160/58710/0/160/160/160', '143/341410/0/0/0/0', '58/7688/51/7/7/7', '0/0/0/0/0/0', '518/399337', '219/82030', '2a03:2880:f1ff:83:face:b00c:0:25de', 'www.facebook.com', 53.3539, -6.24333, 'Dublin', '\r\n		2.87.123.225', 'ppp-2-87-123-225.home.otenet.gr', 38.202, 21.742, '20'),
(21, 'fotis', '2021-01-19', '14/525/10/4/0/0', '17/382/15/2/0/0', '1/3/1/0/0/0', '16/2519/0/4/0/0', '0/0/0/0/0/0', '11/1285/0/1/0/10', '2/367/0/2/0/0', '53/3896', '12/1189', '2a00:1450:4001:81d::2004', 'www.google.com', 50.1109, 8.6821, 'Frankfurt am Main', '\r\n		2.87.123.225', 'ppp-2-87-123-225.home.otenet.gr', 38.202, 21.742, '19'),
(22, 'fotis', '2021-01-19', '3/4/3/0/0/0', '3/196/3/0/0/0', '0/0/0/0/0/0', '0/0/0/0/0/0', '0/0/0/0/0/0', '2/208/1/1/0/0', '0/0/0/0/0/0', '7/201', '1/207', '2a00:1450:4001:808::2001', 'yt3.ggpht.com', 50.1109, 8.6821, 'Frankfurt am Main', '\r\n		2.87.123.225', 'ppp-2-87-123-225.home.otenet.gr', 38.202, 21.742, '13'),
(24, 'fotis', '2021-01-19', '3/4/3/0/0/0', '3/196/3/0/0/0', '0/0/0/0/0/0', '0/0/0/0/0/0', '0/0/0/0/0/0', '2/208/1/1/0/0', '0/0/0/0/0/0', '7/201', '1/207', '2a00:1450:4001:808::2001', 'yt3.ggpht.com', 50.1109, 8.6821, 'Frankfurt am Main', '\r\n	//2.87.123.225', 'ppp-2-87-123-225.home.otenet.gr', 38.202, 21.742, '23'),
(25, 'fotis', '2021-01-19', '5/0/0/0/0/0', '7/0/1/0/0/0', '4/32/0/0/0/0', '1/1088/0/0/0/0', '0/0/0/0/0/0', '5/0/0/0/0/0', '0/0/0/0/0/0', '22/1121', '0/0', '2a02:cb40:200::1ad', 'www.php.net', 48.1362, 11.5729, 'Munich', '\r\n	2.87.123.225', 'ppp-2-87-123-225.home.otenet.gr', 38.202, 21.742, '10'),
(26, 'alekos', '2021-01-19', '21/1963/3/1/1/2', '13/949/3/6/2/2', '0/0/0/0/0/0', '5/1649/3/2/0/0', '0/0/0/0/0/0', '3/200/0/2/0/0', '4/781/0/1/3/4', '45/5360', '2/318', '151.101.129.69', 'gis.stackexchange.com', 37.7678, -122.393, 'San Francisco', '\r\n	2.87.123.225', 'ppp-2-87-123-225.home.otenet.gr', 38.202, 21.742, '11'),
(27, 'fotis', '2021-02-01', '460/7676/3/0/0/0', '0/0/0/0/0/0', '0/0/0/0/0/0', '3/353/0/0/0/0', '0/0/0/0/0/0', '4/711/0/0/0/0', '1/107/0/0/0/0', '471/9125', '0/0', '2600:9000:2045:d400:5:30d5:abc0:93a1', 'cfservices000300c.arcgisonline.com', 47.6015, -122.33, 'Seattle', '\r\n	85.73.38.216', 'athedsl-253754.home.otenet.gr', 38.202, 21.742, '10'),
(28, 'fotis', '2021-02-04', '11/1129/0/0/0/0', '52/7122/5/1/0/0', '3/292/0/1/0/0', '3/719/0/0/0/0', '0/0/0/0/0/0', '5/2712/2/0/0/0', '1/83/0/0/1/1', '76/11218', '1/83', '', 'erdplus.com', 0, 0, '', '\r\n	94.64.91.84', 'ppp-94-64-91-84.home.otenet.gr', 38.3833, 21.8167, '10'),
(29, 'fotis', '2021-02-04', '68/3788/57/1/4/9', '13/1/7/2/0/0', '26/2087/26/0/0/0', '10/2613/0/8/5/8', '0/0/0/0/0/0', '9/1796/1/6/7/7', '9/1535/1/0/1/2', '124/8295', '14/3524', '23.34.188.85', 'www.etsy.com', 52.3041, 4.75307, 'Hoofddorp', '\r\n	94.64.91.84', 'ppp-94-64-91-84.home.otenet.gr', 38.3833, 21.8167, '10'),
(30, 'fotis', '2021-02-04', '28/18553/0/0/2/5', '40/11382/1/4/0/1', '23/3906/0/1/0/0', '0/0/0/0/0/0', '0/0/0/0/0/0', '6/4495/3/0/0/2', '2/601/0/0/1/1', '97/36539', '3/2590', '85.13.139.246', 'fishing4fun.gr', 51.025, 14.562, 'Löbau', '\r\n	94.64.91.84', 'ppp-94-64-91-84.home.otenet.gr', 38.3833, 21.8167, '10'),
(31, 'alekos', '2021-02-11', '46/697/38/0/1/7', '83/685/43/3/1/1', '3/0/2/1/0/0', '3/1461/0/0/2/2', '0/0/0/0/0/0', '11/750/4/0/3/3', '2/131/0/0/1/1', '151/3727', '0/0', '45.60.1.11', 'challenges.reply.com', 37.3305, -121.838, 'San Jose', '\r\n	94.64.242.251', 'ppp-94-64-242-251.home.otenet.gr', 38.2478, 21.7422, '14'),
(32, 'alekos', '2021-02-11', '46/697/38/0/1/7', '83/685/43/3/1/1', '3/0/2/1/0/0', '3/1461/0/0/2/2', '0/0/0/0/0/0', '11/750/4/0/3/3', '2/131/0/0/1/1', '151/3727', '0/0', '45.60.1.11', 'challenges.reply.com', 37.3305, -121.838, 'San Jose', '\r\n	94.64.242.251', 'ppp-94-64-242-251.home.otenet.gr', 38.2478, 21.7422, '14'),
(33, 'alekos', '2021-02-11', '13/3706/1/2/3/7', '29/9392/11/2/1/2', '6/1005/0/2/0/0', '3/2507/0/2/2/2', '0/0/0/0/0/0', '41/15252/2/6/6/6', '4/778/0/0/1/2', '95/33042', '11/6238', '35.227.225.179', 'operate.dashboard.unity3d.com', 39.1077, -94.5396, 'Kansas City', '\r\n	94.64.242.251', 'ppp-94-64-242-251.home.otenet.gr', 38.2478, 21.7422, '14'),
(34, 'alekos', '2021-02-11', '80/15288/29/16/15/32', '61/3809/35/18/8/11', '1/4/1/0/0/0', '46/9601/16/4/11/17', '0/0/0/0/0/0', '26/3821/7/6/9/10', '21/8133/0/1/7/11', '227/39702', '23/3958', '2606:4700::6812:1782', 'www.jamieoliver.com', 37.775, -122.418, 'San Francisco', '\r\n	94.64.242.251', 'ppp-94-64-242-251.home.otenet.gr', 38.2478, 21.7422, '14'),
(35, 'alekos', '2021-02-11', '8/286/7/0/1/1', '23/126/20/1/0/1', '4/143/3/0/0/1', '4/959/2/0/0/0', '0/0/0/0/0/0', '5/290/0/0/0/0', '1/234/0/0/0/0', '44/1805', '1/234', '2a03:b0c0:1:a1::699:6001', 'www.gordonramsay.com', 40.7589, -73.979, 'Manhattan', '\r\n	94.64.242.251', 'ppp-94-64-242-251.home.otenet.gr', 38.2478, 21.7422, '14'),
(36, 'alekos', '2021-02-11', '11/392/8/0/3/3', '101/5231/97/2/0/2', '0/0/0/0/0/0', '3/522/0/1/2/2', '0/0/0/0/0/0', '40/10266/1/38/0/0', '12/3238/0/0/12/12', '144/10356', '35/9298', '2a00:1450:4001:80f::200e', 'play.google.com', 50.1109, 8.6821, 'Frankfurt am Main', '\r\n	94.64.242.251', 'ppp-94-64-242-251.home.otenet.gr', 38.2478, 21.7422, '14'),
(37, 'alekos', '2021-02-11', '26/1696/3/4/1/2', '20/613/5/9/2/2', '3/15/0/0/0/0', '8/1384/4/3/0/1', '0/0/0/0/0/0', '3/97/0/2/0/0', '5/997/0/1/3/5', '64/4224', '3/588', '151.101.193.69', 'stackoverflow.com', 37.7678, -122.393, 'San Francisco', '\r\n	94.64.242.251', 'ppp-94-64-242-251.home.otenet.gr', 38.2478, 21.7422, '14'),
(38, 'alekos', '2021-02-11', '28/3087/4/2/1/9', '57/2826/28/15/4/5', '2/282/2/0/0/0', '21/3639/7/1/2/8', '0/0/0/0/0/0', '17/3210/2/2/2/12', '2/526/0/0/0/1', '110/9706', '20/4032', '151.101.17.2', 'www.quora.com', 37.7678, -122.393, 'San Francisco', '\r\n	94.64.242.251', 'ppp-94-64-242-251.home.otenet.gr', 38.2478, 21.7422, '14'),
(39, 'alekos', '2021-02-11', '19/2814/4/8/0/2', '15/812/4/8/0/0', '1/68/1/0/0/0', '6/885/3/0/0/0', '0/0/0/0/0/0', '5/570/1/1/1/1', '9/2805/0/0/0/9', '52/7523', '3/431', '2606:4700:10::6816:bb7', 'static.adman.gr', 37.775, -122.418, 'San Francisco', '\r\n	94.64.242.251', 'ppp-94-64-242-251.home.otenet.gr', 38.2478, 21.7422, '15'),
(40, 'fotis', '2021-02-11', '19/2814/4/8/0/2', '15/812/4/8/0/0', '1/68/1/0/0/0', '6/885/3/0/0/0', '0/0/0/0/0/0', '5/570/1/1/1/1', '9/2805/0/0/0/9', '52/7523', '3/431', '2606:4700:10::6816:bb7', 'static.adman.gr', 37.775, -122.418, 'San Francisco', '\r\n	94.64.242.251', 'ppp-94-64-242-251.home.otenet.gr', 38.2478, 21.7422, '15'),
(41, 'fotis', '2021-02-11', '31/2561/5/0/0/0', '2/88/2/0/0/0', '2/73/2/0/0/0', '1/72/0/1/0/0', '0/0/0/0/0/0', '0/0/0/0/0/0', '0/0/0/0/0/0', '36/2794', '0/0', '2620:0:862:ed1a::1', 'el.wiktionary.org', 38.9696, -77.3866, 'Herndon', '\r\n	94.64.242.251', 'ppp-94-64-242-251.home.otenet.gr', 38.2478, 21.7422, '15'),
(42, 'fotis', '2021-02-11', '31/3469/12/0/0/0', '0/0/0/0/0/0', '3/19/3/0/0/0', '1/78/0/0/0/1', '2/1301/0/2/0/0', '0/0/0/0/0/0', '0/0/0/0/0/0', '37/4867', '0/0', '2a00:1450:4001:828::200e', 'www.youtube.com', 50.1109, 8.6821, 'Frankfurt am Main', '\r\n	94.64.242.251', 'ppp-94-64-242-251.home.otenet.gr', 38.2478, 21.7422, '14'),
(43, 'fotis', '2021-02-11', '33/2094/33/0/0/0', '34/675/31/3/0/0', '18/5/14/4/0/0', '4/1001/0/0/3/3', '0/0/0/0/0/0', '3/455/2/0/0/0', '2/214/0/1/2/2', '102/4646', '1/68', '188.214.30.240', 'www.gameworld.gr', 44.3206, 23.8254, 'Craiova', '\r\n	94.64.242.251', 'ppp-94-64-242-251.home.otenet.gr', 38.2478, 21.7422, '14'),
(44, 'fotis', '2021-02-11', '100/6621/8/12/18/29', '97/2793/46/19/5/10', '6/80/2/2/0/0', '32/2810/14/4/4/6', '1/7/0/0/0/0', '79/14388/6/10/41/47', '17/3626/0/2/4/9', '319/23983', '33/6300', '2.19.51.138', 'www.capital.gr', 37.97, 23.72, 'Athens', '\r\n	94.64.242.251', 'ppp-94-64-242-251.home.otenet.gr', 38.2478, 21.7422, '14'),
(45, 'fotis', '2021-02-11', '77/6195/14/7/17/32', '92/3655/49/18/3/7', '7/428/2/1/0/0', '39/3498/18/4/5/10', '1/22/0/0/0/0', '60/10232/5/10/30/36', '20/4627/0/6/7/13', '292/40904', '25/4976', '2.19.51.138', 'www.capital.gr', 37.97, 23.72, 'Athens', '\r\n	94.64.242.251', 'ppp-94-64-242-251.home.otenet.gr', 38.2478, 21.7422, '14'),
(46, 'fotis', '2021-02-11', '46/697/38/0/1/7', '83/685/43/3/1/1', '3/0/2/1/0/0', '3/1461/0/0/2/2', '0/0/0/0/0/0', '11/750/4/0/3/3', '2/131/0/0/1/1', '151/3727', '0/0', '45.60.1.11', 'challenges.reply.com', 37.3305, -121.838, 'San Jose', '\r\n	94.64.242.251', 'ppp-94-64-242-251.home.otenet.gr', 38.2478, 21.7422, '14'),
(47, 'fotis', '2021-02-11', '226/5027/31/0/0/0', '39/5753/0/39/39/39', '2/100/2/0/0/0', '33/7560/0/33/33/33', '13/1381/0/0/0/0', '52/1231/52/0/0/0', '0/0/0/0/0/0', '298/8589', '67/12461', '2a00:1cb8:2:f:face:b00c:0:358e', 'video.fath3-4.fna.fbcdn.net', 37.97, 23.72, 'Athens', '\r\n	94.64.242.251', 'ppp-94-64-242-251.home.otenet.gr', 38.2478, 21.7422, '14'),
(48, 'alekos', '2021-02-12', '23/3407/23/0/0/0', '28/28/24/4/0/0', '5/85/1/4/0/0', '12/2428/0/0/0/0', '0/0/0/0/0/0', '3/263/0/2/1/1', '1/84/0/0/0/0', '77/6295', '3/250', '2a00:1450:4001:811::200e', 'www.youtube.com', 50.1109, 8.6821, 'Frankfurt am Main', '\r\n	94.64.242.251', 'ppp-94-64-242-251.home.otenet.gr', 38.2478, 21.7422, '14'),
(49, 'alekos', '2021-02-12', '14/2446/7/0/1/7', '25/138/20/5/0/0', '1/4/1/0/0/0', '14/1386/4/0/0/1', '0/0/0/0/0/0', '2/418/0/1/0/0', '3/1200/0/0/0/3', '58/5434', '3/1163', '2a00:1450:4001:811::200e', 'www.youtube.com', 50.1109, 8.6821, 'Frankfurt am Main', '\r\n	94.64.242.251', 'ppp-94-64-242-251.home.otenet.gr', 38.2478, 21.7422, '14'),
(50, 'alekos', '2021-02-12', '38/6768/0/4/9/19', '55/6371/15/14/4/4', '4/194/0/4/0/0', '37/5740/8/7/5/12', '8/1864/0/0/0/0', '31/15755/0/6/14/12', '21/6924/0/4/6/9', '193/39638', '24/7779', '2a03:2880:f1ff:83:face:b00c:0:25de', 'www.facebook.com', 53.3539, -6.24333, 'Dublin', '\r\n	94.64.242.251', 'ppp-94-64-242-251.home.otenet.gr', 38.2478, 21.7422, '14'),
(51, 'alekos', '2021-02-12', '30/13524/0/6/10/20', '0/0/0/0/0/0', '1/4/1/0/0/0', '8/1953/0/1/1/5', '0/0/0/0/0/0', '0/0/0/0/0/0', '4/2165/0/1/2/3', '64/23123', '0/0', '2a00:1450:4001:811::200e', 'www.youtube.com', 50.1109, 8.6821, 'Frankfurt am Main', '\r\n	94.64.242.251', 'ppp-94-64-242-251.home.otenet.gr', 38.2478, 21.7422, '14'),
(52, 'alekos', '2021-02-12', '22/987/2/4/1/2', '19/412/5/9/2/2', '0/0/0/0/0/0', '8/1398/4/3/0/1', '0/0/0/0/0/0', '4/238/0/3/0/0', '5/1000/0/1/3/5', '57/3445', '3/590', '151.101.193.69', 'stackoverflow.com', 37.7678, -122.393, 'San Francisco', '\r\n	94.64.242.251', 'ppp-94-64-242-251.home.otenet.gr', 38.2478, 21.7422, '15'),
(53, 'alekos', '2021-02-12', '33/677/0/0/1/1', '19/552/9/3/0/3', '3/73/0/1/0/0', '3/341/0/2/0/1', '0/0/0/0/0/0', '6/182/1/0/0/1', '4/556/0/0/2/2', '68/2018', '3/408', '', 'www.cuisinefiend.com', 0, 0, '', '\r\n	94.64.242.251', 'ppp-94-64-242-251.home.otenet.gr', 38.2478, 21.7422, '14'),
(54, 'alekos', '2021-02-12', '203/827/30/0/0/0', '22/2420/0/22/22/22', '2/85/2/0/0/0', '8/2991/0/8/8/8', '6/18/0/0/0/0', '39/3319/37/2/2/2', '0/0/0/0/0/0', '253/13281', '28/3066', '2a03:2880:f1ff:83:face:b00c:0:25de', 'www.facebook.com', 53.3539, -6.24333, 'Dublin', '\r\n	94.64.242.251', 'ppp-94-64-242-251.home.otenet.gr', 38.2478, 21.7422, '15'),
(55, 'alekos', '2021-02-12', '91/19063/20/36/16/39', '76/1567/42/18/4/9', '0/0/0/0/0/0', '63/7252/16/9/9/21', '0/0/0/0/0/0', '15/2512/5/3/6/7', '22/8398/1/1/6/7', '264/37053', '20/3691', '2606:4700:20::681a:66f', 'www.sintagoulis.gr', 37.775, -122.418, 'San Francisco', '\r\n	94.64.242.251', 'ppp-94-64-242-251.home.otenet.gr', 38.2478, 21.7422, '14'),
(56, 'alekos', '2021-02-12', '88/15789/0/0/20/20', '0/0/0/0/0/0', '0/0/0/0/0/0', '0/0/0/0/0/0', '0/0/0/0/0/0', '1/124/0/0/0/0', '14/3686/0/0/1/1', '74/10063', '29/9535', '2.19.51.163', 'img.ltwebstatic.com', 37.97, 23.72, 'Athens', '\r\n	94.64.242.251', 'ppp-94-64-242-251.home.otenet.gr', 38.2478, 21.7422, '15'),
(57, 'alekos', '2021-02-12', '40/3624/28/0/0/0', '1/3/0/0/0/0', '6/527/6/0/0/0', '6/1771/0/2/2/3', '0/0/0/0/0/0', '22/1453/11/0/0/1', '4/596/0/0/1/2', '74/7008', '5/965', '92.123.89.33', 'www.amazon.com', 37.97, 23.72, 'Athens', '\r\n	94.64.242.251', 'ppp-94-64-242-251.home.otenet.gr', 38.2478, 21.7422, '15'),
(58, 'alekos', '2021-02-12', '68/1718/0/0/1/1', '71/1402/0/2/0/1', '11/153/0/0/0/0', '4/194/0/0/0/0', '0/0/0/0/0/0', '11/1030/0/0/0/8', '0/0/0/0/0/0', '156/3473', '9/1023', '', 'www.bestprice.gr', 0, 0, '', '\r\n	94.64.242.251', 'ppp-94-64-242-251.home.otenet.gr', 38.2478, 21.7422, '15'),
(59, 'alekos', '2021-02-12', '71/12281/45/5/6/13', '13/3600/1/1/5/5', '5/120/0/0/0/0', '5/2600/0/0/2/2', '0/0/0/0/0/0', '18/2231/2/0/0/0', '2/347/0/0/0/0', '113/20616', '2/564', '212.32.250.3', 'track.r10web.com', 52.3091, 4.94019, 'Diemen', '\r\n	94.64.242.251', 'ppp-94-64-242-251.home.otenet.gr', 38.2478, 21.7422, '15'),
(60, 'alekos', '2021-02-12', '97/1599/86/1/4/9', '13/22/7/2/0/0', '9/1/9/0/0/0', '8/1932/0/6/3/6', '0/0/0/0/0/0', '9/1684/1/6/7/7', '5/581/1/0/1/2', '139/4871', '5/948', '151.101.17.224', 'www.etsy.com', 37.7678, -122.393, 'San Francisco', '\r\n	94.64.242.251', 'ppp-94-64-242-251.home.otenet.gr', 38.2478, 21.7422, '15'),
(61, 'alekos', '2021-02-12', '10/681/10/0/0/0', '0/0/0/0/0/0', '0/0/0/0/0/0', '5/1059/0/5/5/5', '0/0/0/0/0/0', '3/1111/0/3/3/3', '11/2112/0/0/0/0', '11/793', '19/4282', '151.101.17.224', 'www.etsy.com', 37.7678, -122.393, 'San Francisco', '\r\n	94.64.242.251', 'ppp-94-64-242-251.home.otenet.gr', 38.2478, 21.7422, '15'),
(62, 'alekos', '2021-02-12', '54/1464/0/0/2/3', '8/1/2/0/0/0', '3/0/0/0/0/0', '2/443/0/1/0/0', '0/0/0/0/0/0', '12/381/0/8/0/0', '2/137/0/0/2/2', '79/2289', '2/137', '2a03:e40:42::42', 'www.skroutz.gr', 38.0333, 23.7333, 'Néa Filadélfeia', '\r\n	94.64.242.251', 'ppp-94-64-242-251.home.otenet.gr', 38.2478, 21.7422, '15'),
(63, 'fotis', '2021-02-13', '45/34776/2/0/7/8', '37/19537/6/3/0/2', '28/6276/2/2/0/0', '2/1036/0/0/1/1', '0/0/0/0/0/0', '4/1404/3/0/0/0', '2/172/0/0/1/1', '123/62662', '4/1360', '51.77.77.36', 'berling.gr', 38.05, 23.8, 'Maroúsi', '\r\n	94.64.91.80', 'ppp-94-64-91-80.home.otenet.gr', 38.3833, 21.8167, '14'),
(64, 'fotis', '2021-02-13', '24/24072/1/0/3/4', '129/58209/5/3/0/0', '14/2398/1/3/0/0', '2/2220/0/0/1/1', '0/0/0/0/0/0', '6/1606/2/1/0/0', '2/413/0/0/1/1', '190/91114', '3/537', '95.168.190.121', 'www.ffgroup-tools.com', 51.54, -0.16861, 'Camden Town', '\r\n	94.64.91.80', 'ppp-94-64-91-80.home.otenet.gr', 38.3833, 21.8167, '14'),
(65, 'fotis', '2021-02-13', '11/49/7/4/0/0', '12/492/11/1/0/0', '1/3/1/0/0/0', '14/2050/0/3/0/0', '1/405/1/0/0/0', '3/344/0/1/0/2', '1/176/0/1/0/0', '37/2597', '10/933', '2a00:1450:4001:801::2004', 'www.google.com', 50.1109, 8.6821, 'Frankfurt am Main', '\r\n	94.64.91.80', 'ppp-94-64-91-80.home.otenet.gr', 38.3833, 21.8167, '14'),
(66, 'fotis', '2021-02-13', '42/16876/40/0/2/2', '21/2169/15/3/0/1', '19/431/18/1/0/0', '4/453/1/0/2/2', '0/0/0/0/0/0', '27/5859/23/0/3/3', '3/288/0/0/2/2', '120/26571', '3/538', '93.174.125.80', 'www.isomat.gr', 37.97, 23.72, 'Athens', '\r\n	94.64.91.80', 'ppp-94-64-91-80.home.otenet.gr', 38.3833, 21.8167, '14'),
(67, 'fotis', '2021-02-13', '81/46723/71/0/6/9', '40/3514/14/5/0/0', '4/324/2/2/0/0', '3/206/2/0/0/0', '0/0/0/0/0/0', '28/4038/8/0/0/1', '5/353/0/0/5/5', '165/53709', '7/1505', '', 'www.revolut.com', 0, 0, '', '\r\n	94.64.91.80', 'ppp-94-64-91-80.home.otenet.gr', 38.3833, 21.8167, '14'),
(68, 'fotis', '2021-02-13', '68/3979/65/0/1/3', '4/140/1/0/0/0', '1/12/0/0/0/0', '1/216/0/1/0/0', '0/0/0/0/0/0', '2/125/2/0/0/0', '0/0/0/0/0/0', '79/5006', '0/0', '88.99.241.200', 'www.vitex.gr', 52.5147, 13.4386, 'Berlin', '\r\n	94.64.91.80', 'ppp-94-64-91-80.home.otenet.gr', 38.3833, 21.8167, '14'),
(69, 'fotis', '2021-02-13', '31/31160/0/0/3/3', '17/2051/4/3/0/0', '7/487/0/1/0/0', '6/3547/2/0/0/3', '0/0/0/0/0/0', '7/1396/2/0/0/0', '4/3223/0/1/3/3', '74/41905', '2/226', '2a00:1450:4001:802::2002', 'www.googleadservices.com', 50.1109, 8.6821, 'Frankfurt am Main', '\r\n	94.64.91.80', 'ppp-94-64-91-80.home.otenet.gr', 38.3833, 21.8167, '14'),
(70, 'alekos', '2021-02-13', '31/31160/0/0/3/3', '17/2051/4/3/0/0', '7/487/0/1/0/0', '6/3547/2/0/0/3', '0/0/0/0/0/0', '7/1396/2/0/0/0', '4/3223/0/1/3/3', '74/41905', '2/226', '2a00:1450:4001:802::2002', 'www.googleadservices.com', 50.1109, 8.6821, 'Frankfurt am Main', '\r\n	94.64.91.80', 'ppp-94-64-91-80.home.otenet.gr', 38.3833, 21.8167, '14'),
(71, 'alekos', '2021-02-13', '18/2481/17/0/1/1', '17/805/16/1/0/0', '3/33/3/0/0/0', '1/3/0/0/0/0', '0/0/0/0/0/0', '23/9355/0/0/0/0', '2/301/0/0/2/2', '60/14829', '10/4724', '52.84.150.39', 'www.binance.com', 34.0456, -118.242, 'Los Angeles', '\r\n	94.64.91.80', 'ppp-94-64-91-80.home.otenet.gr', 38.3833, 21.8167, '14'),
(72, 'alekos', '2021-02-13', '36/138/0/0/0/0', '14/211/0/2/0/0', '7/0/0/2/0/0', '22/2063/0/0/0/0', '0/0/0/0/0/0', '4/15/2/0/0/0', '1/270/0/0/0/0', '69/657', '1/270', '104.199.36.179', 'docs.unity3d.com', 50.8467, 4.35249, 'Brussels', '\r\n	94.64.91.80', 'ppp-94-64-91-80.home.otenet.gr', 38.3833, 21.8167, '14');

-- --------------------------------------------------------

--
-- Table structure for table `user`
--

DROP TABLE IF EXISTS `user`;
CREATE TABLE IF NOT EXISTS `user` (
  `username` varchar(25) NOT NULL,
  `password` varchar(55) CHARACTER SET utf8mb4 COLLATE utf8mb4_0900_ai_ci NOT NULL,
  `email` varchar(55) NOT NULL,
  `dateCreated` date NOT NULL,
  PRIMARY KEY (`username`)
) ENGINE=InnoDB DEFAULT CHARSET=utf8mb4 COLLATE=utf8mb4_0900_ai_ci;

--
-- Dumping data for table `user`
--

INSERT INTO `user` (`username`, `password`, `email`, `dateCreated`) VALUES
('alekos', 'e15b2d36fbe3ab9583aea246f2e30ef8', 'alekosaek1@gmail.com', '2021-01-14'),
('fotis', '2e1f4efe9c214062e0b0b3d802b3087f', 'nikolakofotis@gmail.com', '2021-01-11');

--
-- Constraints for dumped tables
--

--
-- Constraints for table `files`
--
ALTER TABLE `files`
  ADD CONSTRAINT `files_ibfk_1` FOREIGN KEY (`username`) REFERENCES `user` (`username`) ON DELETE CASCADE ON UPDATE CASCADE;
--
-- Database: `unityserver`
--
CREATE DATABASE IF NOT EXISTS `unityserver` DEFAULT CHARACTER SET utf8mb4 COLLATE utf8mb4_0900_ai_ci;
USE `unityserver`;

-- --------------------------------------------------------

--
-- Table structure for table `userfriends`
--

DROP TABLE IF EXISTS `userfriends`;
CREATE TABLE IF NOT EXISTS `userfriends` (
  `friendsId` int(255) NOT NULL,
  `friendsName` varchar(255) NOT NULL,
  `uName` varchar(255) NOT NULL,
  PRIMARY KEY (`uName`),
  KEY `uName` (`uName`)
) ENGINE=InnoDB DEFAULT CHARSET=utf8mb4 COLLATE=utf8mb4_0900_ai_ci;

--
-- Dumping data for table `userfriends`
--

INSERT INTO `userfriends` (`friendsId`, `friendsName`, `uName`) VALUES
(3, 'alekos', 'fotis');

-- --------------------------------------------------------

--
-- Table structure for table `users`
--

DROP TABLE IF EXISTS `users`;
CREATE TABLE IF NOT EXISTS `users` (
  `id` int(255) NOT NULL AUTO_INCREMENT,
  `username` varchar(50) NOT NULL,
  `email` varchar(50) NOT NULL,
  `password` varchar(50) NOT NULL,
  `lives` int(255) NOT NULL,
  `points` int(255) NOT NULL,
  PRIMARY KEY (`id`),
  KEY `id` (`id`),
  KEY `username` (`username`)
) ENGINE=InnoDB AUTO_INCREMENT=7 DEFAULT CHARSET=utf8mb4 COLLATE=utf8mb4_0900_ai_ci;

--
-- Dumping data for table `users`
--

INSERT INTO `users` (`id`, `username`, `email`, `password`, `lives`, `points`) VALUES
(1, 'fotis', 'nikolakofotis@gmail.com', '1234567890', 5, 2125),
(3, 'alekos', 'alekosnik@gmail.com', '11223344556677', 5, 3520);

--
-- Constraints for dumped tables
--

--
-- Constraints for table `userfriends`
--
ALTER TABLE `userfriends`
  ADD CONSTRAINT `userfriends_ibfk_1` FOREIGN KEY (`uName`) REFERENCES `userfriends` (`uName`) ON DELETE CASCADE ON UPDATE CASCADE;
COMMIT;

/*!40101 SET CHARACTER_SET_CLIENT=@OLD_CHARACTER_SET_CLIENT */;
/*!40101 SET CHARACTER_SET_RESULTS=@OLD_CHARACTER_SET_RESULTS */;
/*!40101 SET COLLATION_CONNECTION=@OLD_COLLATION_CONNECTION */;
